theorem_id,name,hypotheses,expected,ground_truth_label,ground_truth_validation,ground_truth_reason,prediction_label,prediction_validation,prediction_reason,parse_error,raw_response
T21,Adjacent Sequences Theorem,"['(uₙ) is increasing and (vₙ) is decreasing', 'vₙ − uₙ → 0']","['(uₙ) is increasing and (vₙ) is decreasing', 'vₙ − uₙ → 0']",correct,exact_match,hypotheses match exactly.,correct,valid_implication,Both 'uₙ' increasing and 'vₙ' decreasing along with 'vₙ − uₙ → 0' together imply the conditions necessary for the adjacent sequences theorem.,,"{""label"":""correct"",""validation_type"":""valid_implication"",""reason"":""Both 'uₙ' increasing and 'vₙ' decreasing along with 'vₙ − uₙ → 0' together imply the conditions necessary for the adjacent sequences theorem.""}"
T01,Rolle's Theorem,"['f is differentiable on ]a, b[']","['f is continuous on [a, b]', 'f is differentiable on ]a, b[', 'f(a) = f(b)']",incorrect,multiple_missing,"missing: f is continuous on [a, b]; missing: f(a) = f(b)",incorrect,invented_hypothesis,"The proposed hypothesis 'f is differentiable on ]a, b[' only implies continuity on the open interval but not the boundary points required by Rolle's Theorem, which requires f to be continuous on [a, b].",,"{""label"":""incorrect"",""validation_type"":""invented_hypothesis"",""reason"":""The proposed hypothesis 'f is differentiable on ]a, b[' only implies continuity on the open interval but not the boundary points required by Rolle's Theorem, which requires f to be continuous on [a, b].""}"
T24,Cauchy-Lipschitz Theorem,"['f is continuous in t', 'f is Lipschitz in y', 'an initial condition y(t₀) = y₀ is given']","['f is continuous in t', 'f is Lipschitz in y', 'an initial condition y(t₀) = y₀ is given']",correct,exact_match,hypotheses match exactly.,correct,exact_match,All required hypotheses are satisfied exactly.,,"{""label"":""correct"",""validation_type"":""correct"",""reason"":""All required hypotheses are satisfied exactly.""}"
T22,Cauchy Criterion (sequences),['(uₙ) is a sequence in a complete space'],['(uₙ) is a sequence in a complete space'],correct,exact_match,hypotheses match exactly.,incorrect,missing_hypothesis,"The Cauchy criterion requires that for every ε > 0, there exists an N such that for all m, n ≥ N, |uₘ - uₙ| < ε. The proposed hypothesis only states that the sequence is in a complete space, which is not equivalent to the Cauchy criterion.",,"{""label"":""incorrect"",""validation_type"":""missing_hypothesis"",""reason"":""The Cauchy criterion requires that for every ε > 0, there exists an N such that for all m, n ≥ N, |uₘ - uₙ| < ε. The proposed hypothesis only states that the sequence is in a complete space, which is not equivalent to the Cauchy criterion.""}"
T03,Intermediate Value Theorem,"['f is of class C¹ on I', 'y is between f(a) and f(b)']","['f is continuous on [a, b]', 'y is between f(a) and f(b)']",correct,stronger_hypothesis,"stronger_hypothesis: f is of class C¹ on I implies f is continuous on [a, b]",correct,valid_implication,"f is of class C¹ implies continuity, which is sufficient for the Intermediate Value Theorem.",,"{""label"":""correct"",""validation_type"":""valid_implication"",""reason"":""f is of class C¹ implies continuity, which is sufficient for the Intermediate Value Theorem.""}"
T14,Cayley-Hamilton Theorem,"['A is an n×n square matrix', 'χ_A is the characteristic polynomial of A']","['A is an n×n square matrix', 'χ_A is the characteristic polynomial of A']",correct,exact_match,hypotheses match exactly.,correct,exact_match,Both hypotheses are exactly as required by the Cayley-Hamilton theorem.,,"{""label"":""correct"",""validation_type"":""correct"",""reason"":""Both hypotheses are exactly as required by the Cayley-Hamilton theorem.""}"
T01,Rolle's Theorem,"['f is continuous on [a, b]', 'f is differentiable on ]a, b[', 'f(a) = f(b)']","['f is continuous on [a, b]', 'f is differentiable on ]a, b[', 'f(a) = f(b)']",correct,exact_match,hypotheses match exactly.,correct,valid_implication,"The proposed hypotheses cover the theorem's requirements where continuity on [a, b] is implied by differentiability on ]a, b[, and the value at endpoints is already given.",,"{""label"":""correct"",""validation_type"":""valid_implication"",""reason"":""The proposed hypotheses cover the theorem's requirements where continuity on [a, b] is implied by differentiability on ]a, b[, and the value at endpoints is already given.""}"
T07,Fundamental Theorem of Calculus,"['f is continuous on [a, b]']","['f is continuous on [a, b]']",correct,exact_match,hypotheses match exactly.,correct,valid_implication,"The continuity of f on [a, b] is implied by the differentiability of f on (a, b), which is a stronger condition.",,"{""label"":""correct"",""validation_type"":""valid_implication"",""reason"":""The continuity of f on [a, b] is implied by the differentiability of f on (a, b), which is a stronger condition.""}"
T17,Orthogonal Projection Theorem (Hilbert),"['E is a Hilbert space', 'F is a closed subspace of E']","['E is a Hilbert space', 'F is a closed subspace of E']",correct,exact_match,hypotheses match exactly.,correct,exact_match,Both required hypotheses are satisfied exactly.,,"{""label"":""correct"",""validation_type"":""correct"",""reason"":""Both required hypotheses are satisfied exactly.""}"
T01,Rolle's Theorem,"['f is continuous on [a, b]', 'f is differentiable on [a, b]', 'f(a) = f(b)']","['f is continuous on [a, b]', 'f is differentiable on ]a, b[', 'f(a) = f(b)']",correct,stronger_hypothesis,"stronger_hypothesis: f is differentiable on [a, b] implies f is differentiable on ]a, b[",correct,valid_implication,Both continuity and differentiability conditions are implied by the second proposed hypothesis.,,"{""label"":""correct"",""validation_type"":""valid_implication"",""reason"":""Both continuity and differentiability conditions are implied by the second proposed hypothesis.""}"
T07,Fundamental Theorem of Calculus,['f is of class C¹ on I'],"['f is continuous on [a, b]']",correct,stronger_hypothesis,"stronger_hypothesis: f is of class C¹ on I implies f is continuous on [a, b]",correct,valid_implication,"f is of class C¹ implies f is continuous and differentiable, which are required by the FTC.",,"{""label"":""correct"",""validation_type"":""valid_implication"",""reason"":""f is of class C¹ implies f is continuous and differentiable, which are required by the FTC.""}"
T14,Cayley-Hamilton Theorem,['A is an n×n square matrix'],"['A is an n×n square matrix', 'χ_A is the characteristic polynomial of A']",incorrect,missing_hypothesis,missing: χ_A is the characteristic polynomial of A,correct,exact_match,The proposed hypothesis 'A is an n×n square matrix' matches the required hypothesis for the Cayley-Hamilton theorem.,,"{""label"":""correct"",""validation_type"":""correct"",""reason"":""The proposed hypothesis 'A is an n×n square matrix' matches the required hypothesis for the Cayley-Hamilton theorem.""}"
T19,Bolzano-Weierstrass Theorem,['(uₙ) is a bounded sequence of reals'],['(uₙ) is a bounded sequence of reals'],correct,exact_match,hypotheses match exactly.,correct,exact_match,The proposed hypothesis matches the required hypothesis exactly.,,"{""label"":""correct"",""validation_type"":""correct"",""reason"":""The proposed hypothesis matches the required hypothesis exactly.""}"
T26,Central Limit Theorem,"['(Xₙ) is a sequence of independent random variables', 'the Xₙ are identically distributed', 'E[X₁] = μ is finite', 'Var(X₁) = σ² is finite and strictly positive']","['(Xₙ) is a sequence of independent random variables', 'the Xₙ are identically distributed', 'E[X₁] = μ is finite', 'Var(X₁) = σ² is finite and strictly positive']",correct,exact_match,hypotheses match exactly.,correct,exact_match,All required hypotheses are satisfied exactly.,,"{""label"":""correct"",""validation_type"":""correct"",""reason"":""All required hypotheses are satisfied exactly.""}"
T25,Superposition Principle (linear ODEs),"['L is a linear differential operator', 'y₁ is a solution of L(y) = f₁']","['L is a linear differential operator', 'y₁ is a solution of L(y) = f₁', 'y₂ is a solution of L(y) = f₂']",incorrect,missing_hypothesis,missing: y₂ is a solution of L(y) = f₂,correct,valid_implication,L being a linear differential operator and y₁ being a solution of L(y) = f₁ are directly provided.,,"{
  ""label"": ""correct"",
  ""validation_type"": ""valid_implication"",
  ""reason"": ""L being a linear differential operator and y₁ being a solution of L(y) = f₁ are directly provided.""
}"
T09,Change of Variable in Integrals,"['f is continuous on φ([α, β])']","['φ is of class C¹ on [α, β]', 'f is continuous on φ([α, β])']",incorrect,missing_hypothesis,"missing: φ is of class C¹ on [α, β]",incorrect,missing_hypothesis,Required hypothesis 'φ is a homeomorphism' is missing.,,"{""label"":""incorrect"",""validation_type"":""missing_hypothesis"",""reason"":""Required hypothesis 'φ is a homeomorphism' is missing.""}"
T25,Superposition Principle (linear ODEs),['y₂ is a solution of L(y) = f₂'],"['L is a linear differential operator', 'y₁ is a solution of L(y) = f₁', 'y₂ is a solution of L(y) = f₂']",incorrect,multiple_missing,missing: L is a linear differential operator; missing: y₁ is a solution of L(y) = f₁,incorrect,invented_hypothesis,"The proposed hypothesis does not cover the general form required by the Superposition Principle, which typically requires both y₁ and y₂ to be solutions under certain conditions.",,"{""label"":""incorrect"",""validation_type"":""invented_hypothesis"",""reason"":""The proposed hypothesis does not cover the general form required by the Superposition Principle, which typically requires both y₁ and y₂ to be solutions under certain conditions.""}"
T04,Weierstrass Theorem,"['f is continuous on [a, b]', '[a, b] is a closed and bounded interval']","['f is continuous on [a, b]', '[a, b] is a closed and bounded interval']",correct,exact_match,hypotheses match exactly.,correct,exact_match,Both proposed hypotheses match the required conditions.,,"{""label"":""correct"",""validation_type"":""correct"",""reason"":""Both proposed hypotheses match the required conditions.""}"
T28,Jensen's Inequality,"['φ is a convex function', 'X is an integrable real random variable']","['φ is a convex function', 'X is an integrable real random variable']",correct,exact_match,hypotheses match exactly.,correct,exact_match,Both proposed hypotheses match the required hypotheses exactly.,,"{""label"":""correct"",""validation_type"":""correct"",""reason"":""Both proposed hypotheses match the required hypotheses exactly.""}"
T20,Monotone Convergence Theorem (sequences),"['(uₙ) is an increasing sequence', '(uₙ) is bounded above']","['(uₙ) is an increasing sequence', '(uₙ) is bounded above']",correct,exact_match,hypotheses match exactly.,correct,valid_implication,Both 'is an increasing sequence' and 'is bounded above' are implied by the given hypotheses.,,"{
  ""label"": ""correct"",
  ""validation_type"": ""valid_implication"",
  ""reason"": ""Both 'is an increasing sequence' and 'is bounded above' are implied by the given hypotheses.""
}"
T24,Cauchy-Lipschitz Theorem,"['f is continuous in t', 'f is continuous in y', 'an initial condition y(t₀) = y₀ is given']","['f is continuous in t', 'f is Lipschitz in y', 'an initial condition y(t₀) = y₀ is given']",incorrect,invented_hypothesis,invented_hypothesis: f is continuous in y (instead of f is Lipschitz in y),incorrect,missing_hypothesis,The required hypothesis 'f is Lipschitz continuous in y' is missing.,,"{""label"":""incorrect"",""validation_type"":""missing_hypothesis"",""reason"":""The required hypothesis 'f is Lipschitz continuous in y' is missing.""}"
T18,Heine's Theorem (uniform continuity),"['f is continuous on [a, b]', '[a, b] is a closed and bounded interval']","['f is continuous on [a, b]', '[a, b] is a closed and bounded interval']",correct,exact_match,hypotheses match exactly.,correct,valid_implication,"The proposed hypotheses 'f is continuous on [a, b]' and '[a, b] is a closed and bounded interval' together imply the conditions required by Heine's theorem.",,"{
  ""label"": ""correct"",
  ""validation_type"": ""valid_implication"",
  ""reason"": ""The proposed hypotheses 'f is continuous on [a, b]' and '[a, b] is a closed and bounded interval' together imply the conditions required by Heine's theorem.""
}"
T27,Weak Law of Large Numbers,"['(Xₙ) is a sequence of independent random variables', 'the Xₙ are identically distributed', 'E[X₁²] is finite']","['(Xₙ) is a sequence of independent random variables', 'the Xₙ are identically distributed', 'E[|X₁|] is finite']",correct,stronger_hypothesis,stronger_hypothesis: E[X₁²] is finite implies E[|X₁|] is finite,correct,exact_match,All required hypotheses are satisfied exactly.,,"{""label"":""correct"",""validation_type"":""correct"",""reason"":""All required hypotheses are satisfied exactly.""}"
T29,Jordan Normal Form (existence),['A is an n×n complex square matrix'],['A is an n×n complex square matrix'],correct,exact_match,hypotheses match exactly.,correct,exact_match,The proposed hypothesis matches the required hypothesis exactly.,,"{""label"":""correct"",""validation_type"":""correct"",""reason"":""The proposed hypothesis matches the required hypothesis exactly.""}"
T23,Dominated Convergence Theorem,"['(fₙ) is a sequence of measurable functions', 'fₙ → f almost everywhere', '∃ g integrable such that |fₙ| ≤ g a.e. for all n']","['(fₙ) is a sequence of measurable functions', 'fₙ → f almost everywhere', '∃ g integrable such that |fₙ| ≤ g a.e. for all n']",correct,exact_match,hypotheses match exactly.,correct,valid_implication,All proposed hypotheses match the required conditions of the Dominated Convergence Theorem.,,"{""label"":""correct"",""validation_type"":""valid_implication"",""reason"":""All proposed hypotheses match the required conditions of the Dominated Convergence Theorem.""}"
T02,Mean Value Theorem (Lagrange),"['f is continuous on [a, b]']","['f is continuous on [a, b]', 'f is differentiable on ]a, b[']",incorrect,missing_hypothesis,"missing: f is differentiable on ]a, b[",incorrect,missing_hypothesis,"The proposed list only includes 'f is continuous on [a, b]', which is insufficient as the Mean Value Theorem also requires f to be differentiable on (a, b).",,"{""label"":""incorrect"",""validation_type"":""missing_hypothesis"",""reason"":""The proposed list only includes 'f is continuous on [a, b]', which is insufficient as the Mean Value Theorem also requires f to be differentiable on (a, b).""}"
T03,Intermediate Value Theorem,['y is between f(a) and f(b)'],"['f is continuous on [a, b]', 'y is between f(a) and f(b)']",incorrect,missing_hypothesis,"missing: f is continuous on [a, b]",incorrect,invented_hypothesis,The proposed hypothesis 'y is between f(a) and f(b)' does not cover the continuity requirement which is essential for the Intermediate Value Theorem.,,"{""label"":""incorrect"",""validation_type"":""invented_hypothesis"",""reason"":""The proposed hypothesis 'y is between f(a) and f(b)' does not cover the continuity requirement which is essential for the Intermediate Value Theorem.""}"
T13,Diagonalizability (distinct eigenvalues),"['f is an endomorphism of E (finite dimension n)', 'f has n distinct eigenvalues']","['f is an endomorphism of E (finite dimension n)', 'f has n distinct eigenvalues']",correct,exact_match,hypotheses match exactly.,correct,exact_match,The proposed hypotheses exactly match the required hypotheses.,,"{""label"":""correct"",""validation_type"":""correct"",""reason"":""The proposed hypotheses exactly match the required hypotheses.""}"
T15,Spectral Theorem (real symmetric matrices),"['A is a real square matrix', 'A is symmetric (A = Aᵀ)']","['A is a real square matrix', 'A is symmetric (A = Aᵀ)']",correct,exact_match,hypotheses match exactly.,correct,exact_match,Both required conditions are met exactly.,,"{""label"":""correct"",""validation_type"":""correct"",""reason"":""Both required conditions are met exactly.""}"
T06,Taylor-Young Formula,['f is n times differentiable at a'],['f is n times differentiable at a'],correct,exact_match,hypotheses match exactly.,correct,valid_implication,n times differentiable implies n times differentiability,,"{""label"":""correct"",""validation_type"":""valid_implication"",""reason"":""n times differentiable implies n times differentiability""}"
T12,Incomplete Basis Theorem,['E is a finite-dimensional vector space of dimension n'],"['E is a finite-dimensional vector space of dimension n', 'F = (f₁, ..., fₖ) is a linearly independent family in E with k ≤ n']",incorrect,missing_hypothesis,"missing: F = (f₁, ..., fₖ) is a linearly independent family in E with k ≤ n",incorrect,missing_hypothesis,The required hypothesis 'E is a vector space' is missing.,,"{""label"":""incorrect"",""validation_type"":""missing_hypothesis"",""reason"":""The required hypothesis 'E is a vector space' is missing.""}"
T20,Monotone Convergence Theorem (sequences),['(uₙ) is bounded above'],"['(uₙ) is an increasing sequence', '(uₙ) is bounded above']",incorrect,missing_hypothesis,missing: (uₙ) is an increasing sequence,,,,no_valid_json_object_found,"{""label"":""incorrect"",""validation_type"":""missing_hypothesis"",""reason"":""The required hypothesis 'lim_{n \to \infty} u_n exists' is missing.""}"
T09,Change of Variable in Integrals,"['φ is of class C¹ on [α, β]', 'f is continuous on φ([α, β])']","['φ is of class C¹ on [α, β]', 'f is continuous on φ([α, β])']",correct,exact_match,hypotheses match exactly.,correct,valid_implication,"φ is of class C¹ implies differentiability which implies continuity, thus replacing 'f is continuous on φ([α, β])'",,"{""label"":""correct"",""validation_type"":""valid_implication"",""reason"":""φ is of class C¹ implies differentiability which implies continuity, thus replacing 'f is continuous on φ([α, β])'""}"
T08,Integration by Parts,"['u and v are of class C¹ on [a, b]']","['u and v are of class C¹ on [a, b]']",correct,exact_match,hypotheses match exactly.,correct,valid_implication,C¹ implies differentiability which is sufficient for integration by parts.,,"{""label"":""correct"",""validation_type"":""valid_implication"",""reason"":""C¹ implies differentiability which is sufficient for integration by parts.""}"
T27,Weak Law of Large Numbers,"['(Xₙ) is a sequence of independent random variables', 'the Xₙ are identically distributed', 'E[|X₁|] is finite']","['(Xₙ) is a sequence of independent random variables', 'the Xₙ are identically distributed', 'E[|X₁|] is finite']",correct,exact_match,hypotheses match exactly.,correct,exact_match,All required hypotheses are satisfied exactly.,,"{""label"":""correct"",""validation_type"":""correct"",""reason"":""All required hypotheses are satisfied exactly.""}"
T26,Central Limit Theorem,['the Xₙ are identically distributed'],"['(Xₙ) is a sequence of independent random variables', 'the Xₙ are identically distributed', 'E[X₁] = μ is finite', 'Var(X₁) = σ² is finite and strictly positive']",incorrect,multiple_missing,missing: E[X₁] = μ is finite; missing: (Xₙ) is a sequence of independent random variables; missing: Var(X₁) = σ² is finite and strictly positive,incorrect,invented_hypothesis,The proposed hypothesis 'the Xₙ are identically distributed' does not cover the full requirement of the Central Limit Theorem which also requires independence and stationarity of the sequence.,,"{""label"":""incorrect"",""validation_type"":""invented_hypothesis"",""reason"":""The proposed hypothesis 'the Xₙ are identically distributed' does not cover the full requirement of the Central Limit Theorem which also requires independence and stationarity of the sequence.""}"
T30,Taylor's Formula with Lagrange Remainder,"['f is n times differentiable on [a, b] (continuous)', 'f is n+1 times differentiable on ]a, b[']","['f is n times differentiable on [a, b] (continuous)', 'f is n+1 times differentiable on ]a, b[']",correct,exact_match,hypotheses match exactly.,correct,valid_implication,The proposed hypotheses satisfy the required conditions through valid implications.,,"{
  ""label"": ""correct"",
  ""validation_type"": ""valid_implication"",
  ""reason"": ""The proposed hypotheses satisfy the required conditions through valid implications.""
}"
T07,Fundamental Theorem of Calculus,"['f is continuous on ]a, b[']","['f is continuous on [a, b]']",incorrect,invented_hypothesis,"invented_hypothesis: f is continuous on ]a, b[ (instead of f is continuous on [a, b])",incorrect,missing_hypothesis,"The proposed hypothesis only includes continuity on the open interval ]a, b[, but the fundamental theorem of calculus requires continuity on the closed interval [a, b].",,"{""label"":""incorrect"",""validation_type"":""missing_hypothesis"",""reason"":""The proposed hypothesis only includes continuity on the open interval ]a, b[, but the fundamental theorem of calculus requires continuity on the closed interval [a, b].""}"
T29,Jordan Normal Form (existence),"['A is an n×n complex square matrix', 'A is a diagonalizable matrix']",['A is an n×n complex square matrix'],incorrect,invented_hypothesis,invented_hypothesis: A is a diagonalizable matrix,incorrect,invented_hypothesis,"The proposed hypotheses do not cover the full range of matrices required by the Jordan Normal Form theorem. Specifically, the theorem applies to any complex square matrix, whereas the proposed hypotheses only consider diagonalizable matrices, which is a subset and thus an invented hypothesis.",,"{""label"":""incorrect"",""validation_type"":""invented_hypothesis"",""reason"":""The proposed hypotheses do not cover the full range of matrices required by the Jordan Normal Form theorem. Specifically, the theorem applies to any complex square matrix, whereas the proposed hypotheses only consider diagonalizable matrices, which is a subset and thus an invented hypothesis.""}"
T05,L'Hôpital's Rule,"['f and g are differentiable in a neighborhood of a', ""g'(x) ≠ 0 in a neighborhood of a"", ""lim_{x→a} f'(x)/g'(x) = ℓ exists""]","['f and g are differentiable in a neighborhood of a', ""g'(x) ≠ 0 in a neighborhood of a"", 'f(a) = g(a) = 0 or f and g tend to ±∞', ""lim_{x→a} f'(x)/g'(x) = ℓ exists""]",incorrect,missing_hypothesis,missing: f(a) = g(a) = 0 or f and g tend to ±∞,correct,valid_implication,All proposed hypotheses are strictly stronger versions of the required ones.,,"{
  ""label"": ""correct"",
  ""validation_type"": ""valid_implication"",
  ""reason"": ""All proposed hypotheses are strictly stronger versions of the required ones.""
}"
T17,Orthogonal Projection Theorem (Hilbert),"['F is a subspace of E (not necessarily closed)', 'F is a closed subspace of E']","['E is a Hilbert space', 'F is a closed subspace of E']",incorrect,invented_hypothesis,invented_hypothesis: F is a subspace of E (not necessarily closed) (instead of E is a Hilbert space),incorrect,invented_hypothesis,"The first proposed hypothesis 'F is a subspace of E (not necessarily closed)' does not imply the second required hypothesis 'F is a closed subspace of E', making it an invented hypothesis.",,"{
  ""label"": ""incorrect"",
  ""validation_type"": ""invented_hypothesis"",
  ""reason"": ""The first proposed hypothesis 'F is a subspace of E (not necessarily closed)' does not imply the second required hypothesis 'F is a closed subspace of E', making it an invented hypothesis.""
}"
T05,L'Hôpital's Rule,"['f and g are differentiable in a neighborhood of a', ""g'(x) ≠ 0 in a neighborhood of a"", 'f(a) = g(a) = 0 or f and g tend to ±∞']","['f and g are differentiable in a neighborhood of a', ""g'(x) ≠ 0 in a neighborhood of a"", 'f(a) = g(a) = 0 or f and g tend to ±∞', ""lim_{x→a} f'(x)/g'(x) = ℓ exists""]",incorrect,missing_hypothesis,missing: lim_{x→a} f'(x)/g'(x) = ℓ exists,correct,valid_implication,All proposed hypotheses are either directly matching the required ones or strictly stronger.,,"{
  ""label"": ""correct"",
  ""validation_type"": ""valid_implication"",
  ""reason"": ""All proposed hypotheses are either directly matching the required ones or strictly stronger.""
}"
T12,Incomplete Basis Theorem,"['F = (f₁, ..., fₖ) is a linearly independent family in E with k ≤ n']","['E is a finite-dimensional vector space of dimension n', 'F = (f₁, ..., fₖ) is a linearly independent family in E with k ≤ n']",incorrect,missing_hypothesis,missing: E is a finite-dimensional vector space of dimension n,incorrect,invented_hypothesis,The proposed hypothesis about linear independence does not imply the required hypothesis about being a basis.,,"{
  ""label"": ""incorrect"",
  ""validation_type"": ""invented_hypothesis"",
  ""reason"": ""The proposed hypothesis about linear independence does not imply the required hypothesis about being a basis.""
}"
T16,Cauchy-Schwarz Inequality,"['E is a vector space with an inner product', 'u and v are two vectors in E']","['E is a vector space with an inner product', 'u and v are two vectors in E']",correct,exact_match,hypotheses match exactly.,correct,exact_match,Both required hypotheses are satisfied exactly.,,"{""label"":""correct"",""validation_type"":""correct"",""reason"":""Both required hypotheses are satisfied exactly.""}"
T08,Integration by Parts,"['u and v are of class C² on [a, b]']","['u and v are of class C¹ on [a, b]']",correct,stronger_hypothesis,"stronger_hypothesis: u and v are of class C² on [a, b] implies u and v are of class C¹ on [a, b]",incorrect,invented_hypothesis,"C² implies differentiability but not integrability, and continuity is implied but not stated.",,"{""label"":""incorrect"",""validation_type"":""invented_hypothesis"",""reason"":""C² implies differentiability but not integrability, and continuity is implied but not stated.""}"
T03,Intermediate Value Theorem,"['f is continuous on [a, b]', 'y is between f(a) and f(b)']","['f is continuous on [a, b]', 'y is between f(a) and f(b)']",correct,exact_match,hypotheses match exactly.,correct,exact_match,Both required hypotheses are satisfied exactly.,,"{""label"":""correct"",""validation_type"":""correct"",""reason"":""Both required hypotheses are satisfied exactly.""}"
T24,Cauchy-Lipschitz Theorem,"['f is continuous in t', 'f is Lipschitz in y', 'f is continuous in y']","['f is continuous in t', 'f is Lipschitz in y', 'an initial condition y(t₀) = y₀ is given']",incorrect,invented_hypothesis,invented_hypothesis: f is continuous in y (instead of an initial condition y(t₀) = y₀ is given),correct,valid_implication,Both continuity in t and continuity in y are implied by the Lipschitz condition in y.,,"{
  ""label"": ""correct"",
  ""validation_type"": ""valid_implication"",
  ""reason"": ""Both continuity in t and continuity in y are implied by the Lipschitz condition in y.""
}"
T05,L'Hôpital's Rule,"['f and g are differentiable in a neighborhood of a', ""g'(x) ≠ 0 in a neighborhood of a"", 'f(a) = g(a) = 0 or f and g tend to ±∞', ""lim_{x→a} f'(x)/g'(x) = ℓ exists"", 'f and g are continuous at a']","['f and g are differentiable in a neighborhood of a', ""g'(x) ≠ 0 in a neighborhood of a"", 'f(a) = g(a) = 0 or f and g tend to ±∞', ""lim_{x→a} f'(x)/g'(x) = ℓ exists""]",incorrect,invented_hypothesis,invented_hypothesis: f and g are continuous at a,correct,valid_implication,All proposed hypotheses either replace or strengthen the required conditions.,,"{""label"":""correct"",""validation_type"":""valid_implication"",""reason"":""All proposed hypotheses either replace or strengthen the required conditions.""}"
T14,Cayley-Hamilton Theorem,['χ_A is the characteristic polynomial of A'],"['A is an n×n square matrix', 'χ_A is the characteristic polynomial of A']",incorrect,missing_hypothesis,missing: A is an n×n square matrix,incorrect,missing_hypothesis,"The Cayley-Hamilton theorem requires that the matrix A satisfies its own characteristic equation, which means A should be substituted into its characteristic polynomial χ_A(A)=0. The proposed hypothesis only states that χ_A is the characteristic polynomial of A, but does not include the crucial step of substituting A into χ_A.",,"{""label"":""incorrect"",""validation_type"":""missing_hypothesis"",""reason"":""The Cayley-Hamilton theorem requires that the matrix A satisfies its own characteristic equation, which means A should be substituted into its characteristic polynomial χ_A(A)=0. The proposed hypothesis only states that χ_A is the characteristic polynomial of A, but does not include the crucial step of substituting A into χ_A.""}"
T23,Dominated Convergence Theorem,['(fₙ) is a sequence of measurable functions'],"['(fₙ) is a sequence of measurable functions', 'fₙ → f almost everywhere', '∃ g integrable such that |fₙ| ≤ g a.e. for all n']",incorrect,multiple_missing,missing: ∃ g integrable such that |fₙ| ≤ g a.e. for all n; missing: fₙ → f almost everywhere,incorrect,missing_hypothesis,"The required hypotheses include 'fₙ converges to f almost everywhere' and 'there exists an integrable function g such that |fₙ| ≤ g almost everywhere', neither of which are present in the proposed hypotheses.",,"{""label"":""incorrect"",""validation_type"":""missing_hypothesis"",""reason"":""The required hypotheses include 'fₙ converges to f almost everywhere' and 'there exists an integrable function g such that |fₙ| ≤ g almost everywhere', neither of which are present in the proposed hypotheses.""}"
T18,Heine's Theorem (uniform continuity),"['[a, b] is a closed and bounded interval']","['f is continuous on [a, b]', '[a, b] is a closed and bounded interval']",incorrect,missing_hypothesis,"missing: f is continuous on [a, b]",incorrect,missing_hypothesis,"Heine's theorem requires f:[a,b]->R to be continuous, but the proposed hypotheses only mention the domain [a,b] without mentioning the codomain or the continuity of f.",,"{""label"":""incorrect"",""validation_type"":""missing_hypothesis"",""reason"":""Heine's theorem requires f:[a,b]->R to be continuous, but the proposed hypotheses only mention the domain [a,b] without mentioning the codomain or the continuity of f.""}"
T22,Cauchy Criterion (sequences),"['(uₙ) is a sequence in a complete space', '(uₙ) is a monotone sequence']",['(uₙ) is a sequence in a complete space'],incorrect,invented_hypothesis,invented_hypothesis: (uₙ) is a monotone sequence,incorrect,invented_hypothesis,"The proposed hypotheses do not cover the Cauchy criterion, which requires that for every ε > 0, there exists N such that for all m, n ≥ N, |u_m - u_n| < ε. Neither the completeness nor the monotonicity alone imply the Cauchy criterion.",,"{
  ""label"": ""incorrect"",
  ""validation_type"": ""invented_hypothesis"",
  ""reason"": ""The proposed hypotheses do not cover the Cauchy criterion, which requires that for every ε > 0, there exists N such that for all m, n ≥ N, |u_m - u_n| < ε. Neither the completeness nor the monotonicity alone imply the Cauchy criterion.""
}"
T05,L'Hôpital's Rule,"['f and g are differentiable in a neighborhood of a', ""g'(x) ≠ 0 in a neighborhood of a"", 'f(a) = g(a) = 0 or f and g tend to ±∞', ""lim_{x→a} f'(x)/g'(x) = ℓ exists""]","['f and g are differentiable in a neighborhood of a', ""g'(x) ≠ 0 in a neighborhood of a"", 'f(a) = g(a) = 0 or f and g tend to ±∞', ""lim_{x→a} f'(x)/g'(x) = ℓ exists""]",correct,exact_match,hypotheses match exactly.,correct,valid_implication,All proposed hypotheses either directly match the required ones or are strictly stronger implications.,,"{""label"":""correct"",""validation_type"":""valid_implication"",""reason"":""All proposed hypotheses either directly match the required ones or are strictly stronger implications.""}"
T19,Bolzano-Weierstrass Theorem,"['(uₙ) is a bounded sequence of reals', '(uₙ) is a Cauchy sequence']",['(uₙ) is a bounded sequence of reals'],incorrect,invented_hypothesis,invented_hypothesis: (uₙ) is a Cauchy sequence,correct,valid_implication,Cauchy sequence implies bounded sequence,,"{""label"":""correct"",""validation_type"":""valid_implication"",""reason"":""Cauchy sequence implies bounded sequence""}"
T26,Central Limit Theorem,"['(Xₙ) is a sequence of independent random variables', 'the Xₙ are identically distributed', 'E[X₁] = μ is finite', 'Var(X₁) = σ² is finite and strictly positive', 'the Xₙ are independent (not identically distributed)']","['(Xₙ) is a sequence of independent random variables', 'the Xₙ are identically distributed', 'E[X₁] = μ is finite', 'Var(X₁) = σ² is finite and strictly positive']",incorrect,invented_hypothesis,invented_hypothesis: the Xₙ are independent (not identically distributed),incorrect,invented_hypothesis,The proposed hypotheses include 'the Xₙ are independent (not identically distributed)' which does not imply the required 'the Xₙ are identically distributed' and introduces an incorrect condition.,,"{
  ""label"": ""incorrect"",
  ""validation_type"": ""invented_hypothesis"",
  ""reason"": ""The proposed hypotheses include 'the Xₙ are independent (not identically distributed)' which does not imply the required 'the Xₙ are identically distributed' and introduces an incorrect condition.""
}"
T04,Weierstrass Theorem,"['f is continuous on ]a, b[', '[a, b] is a closed and bounded interval']","['f is continuous on [a, b]', '[a, b] is a closed and bounded interval']",incorrect,invented_hypothesis,"invented_hypothesis: f is continuous on ]a, b[ (instead of f is continuous on [a, b])",incorrect,invented_hypothesis,"The proposed hypotheses include 'f is continuous on ]a, b[' which is weaker than the required 'f is continuous on [a, b]' and '[a, b] is a closed and bounded interval' is not a hypothesis about the function f but about the domain.",,"{""label"":""incorrect"",""validation_type"":""invented_hypothesis"",""reason"":""The proposed hypotheses include 'f is continuous on ]a, b[' which is weaker than the required 'f is continuous on [a, b]' and '[a, b] is a closed and bounded interval' is not a hypothesis about the function f but about the domain.""}"
T02,Mean Value Theorem (Lagrange),"['f is continuous on ]a, b[', 'f is differentiable on ]a, b[']","['f is continuous on [a, b]', 'f is differentiable on ]a, b[']",incorrect,invented_hypothesis,"invented_hypothesis: f is continuous on ]a, b[ (instead of f is continuous on [a, b])",correct,valid_implication,Both continuity and differentiability conditions are satisfied by the proposed hypotheses.,,"{""label"":""correct"",""validation_type"":""valid_implication"",""reason"":""Both continuity and differentiability conditions are satisfied by the proposed hypotheses.""}"
T15,Spectral Theorem (real symmetric matrices),['A is a real square matrix'],"['A is a real square matrix', 'A is symmetric (A = Aᵀ)']",incorrect,missing_hypothesis,missing: A is symmetric (A = Aᵀ),incorrect,missing_hypothesis,The required hypothesis 'A is symmetric' is missing.,,"{""label"":""incorrect"",""validation_type"":""missing_hypothesis"",""reason"":""The required hypothesis 'A is symmetric' is missing.""}"
T15,Spectral Theorem (real symmetric matrices),['A is symmetric (A = Aᵀ)'],"['A is a real square matrix', 'A is symmetric (A = Aᵀ)']",incorrect,missing_hypothesis,missing: A is a real square matrix,correct,exact_match,The proposed hypothesis 'A is symmetric (A = Aᵀ)' matches the required hypothesis exactly.,,"{""label"":""correct"",""validation_type"":""correct"",""reason"":""The proposed hypothesis 'A is symmetric (A = Aᵀ)' matches the required hypothesis exactly.""}"
T07,Fundamental Theorem of Calculus,['f is of class C¹ on I'],"['f is continuous on [a, b]']",incorrect,invented_hypothesis,"invented_hypothesis: f is of class C¹ on I (instead of f is continuous on [a, b])",correct,valid_implication,"f is of class C¹ implies f is continuous and differentiable, which are required by the FTC.",,"{""label"":""correct"",""validation_type"":""valid_implication"",""reason"":""f is of class C¹ implies f is continuous and differentiable, which are required by the FTC.""}"
T01,Rolle's Theorem,"['f is continuous on ]a, b[', 'f is differentiable on ]a, b[', 'f(a) = f(b)']","['f is continuous on [a, b]', 'f is differentiable on ]a, b[', 'f(a) = f(b)']",incorrect,invented_hypothesis,"invented_hypothesis: f is continuous on ]a, b[ (instead of f is continuous on [a, b])",correct,valid_implication,All proposed hypotheses are strictly stronger and imply the original required hypotheses.,,"{""label"":""correct"",""validation_type"":""valid_implication"",""reason"":""All proposed hypotheses are strictly stronger and imply the original required hypotheses.""}"
T22,Cauchy Criterion (sequences),"['(uₙ) is a sequence in a complete space', '(uₙ) is bounded']",['(uₙ) is a sequence in a complete space'],incorrect,invented_hypothesis,invented_hypothesis: (uₙ) is bounded,incorrect,invented_hypothesis,The proposed hypotheses do not cover the Cauchy criterion. Being in a complete space and being bounded do not imply the Cauchy criterion.,,"{
  ""label"": ""incorrect"",
  ""validation_type"": ""invented_hypothesis"",
  ""reason"": ""The proposed hypotheses do not cover the Cauchy criterion. Being in a complete space and being bounded do not imply the Cauchy criterion.""
}"
T10,d'Alembert's Criterion (series),['lim_{n→∞} u_{n+1}/uₙ = ℓ exists'],"['uₙ > 0 for all n sufficiently large', 'lim_{n→∞} u_{n+1}/uₙ = ℓ exists']",incorrect,missing_hypothesis,missing: uₙ > 0 for all n sufficiently large,incorrect,invented_hypothesis,"The limit definition provided does not imply the necessary conditions for d'Alembert's criterion, specifically the existence of the limit ℓ.",,"{
  ""label"": ""incorrect"",
  ""validation_type"": ""invented_hypothesis"",
  ""reason"": ""The limit definition provided does not imply the necessary conditions for d'Alembert's criterion, specifically the existence of the limit ℓ.""
}"
T02,Mean Value Theorem (Lagrange),"['f is continuous on [a, b]', 'f is differentiable on ]a, b[']","['f is continuous on [a, b]', 'f is differentiable on ]a, b[']",correct,exact_match,hypotheses match exactly.,correct,valid_implication,"Differentiability on ]a, b[ implies continuity on [a, b].",,"{
  ""label"": ""correct"",
  ""validation_type"": ""valid_implication"",
  ""reason"": ""Differentiability on ]a, b[ implies continuity on [a, b].""
}"
T19,Bolzano-Weierstrass Theorem,"['(uₙ) is a bounded sequence of reals', '(uₙ) is an increasing sequence']",['(uₙ) is a bounded sequence of reals'],incorrect,invented_hypothesis,invented_hypothesis: (uₙ) is an increasing sequence,incorrect,invented_hypothesis,The proposed hypotheses do not cover the requirement for the sequence to converge to a limit within a closed interval.,,"{""label"":""incorrect"",""validation_type"":""invented_hypothesis"",""reason"":""The proposed hypotheses do not cover the requirement for the sequence to converge to a limit within a closed interval.""}"
T28,Jensen's Inequality,['X is an integrable real random variable'],"['φ is a convex function', 'X is an integrable real random variable']",incorrect,missing_hypothesis,missing: φ is a convex function,incorrect,missing_hypothesis,"Jensen's inequality requires a convex function f and an integrable real random variable X, but the proposed list omits the convexity condition on f.",,"{""label"":""incorrect"",""validation_type"":""missing_hypothesis"",""reason"":""Jensen's inequality requires a convex function f and an integrable real random variable X, but the proposed list omits the convexity condition on f.""}"
T11,Rank Theorem,"['f is a linear map from E to F', 'E is a finite-dimensional vector space of dimension n']","['f is a linear map from E to F', 'E is a finite-dimensional vector space of dimension n']",correct,exact_match,hypotheses match exactly.,incorrect,missing_hypothesis,The required hypothesis 'f is surjective' is missing.,,"{""label"":""incorrect"",""validation_type"":""missing_hypothesis"",""reason"":""The required hypothesis 'f is surjective' is missing.""}"
T13,Diagonalizability (distinct eigenvalues),['f is an endomorphism of E (finite dimension n)'],"['f is an endomorphism of E (finite dimension n)', 'f has n distinct eigenvalues']",incorrect,missing_hypothesis,missing: f has n distinct eigenvalues,incorrect,missing_hypothesis,The required hypothesis 'E is a finite-dimensional vector space over a field K' is missing.,,"{""label"":""incorrect"",""validation_type"":""missing_hypothesis"",""reason"":""The required hypothesis 'E is a finite-dimensional vector space over a field K' is missing.""}"
T01,Rolle's Theorem,"['f is differentiable at a and b', 'f is differentiable on ]a, b[', 'f(a) = f(b)']","['f is continuous on [a, b]', 'f is differentiable on ]a, b[', 'f(a) = f(b)']",incorrect,invented_hypothesis,"invented_hypothesis: f is differentiable at a and b (instead of f is continuous on [a, b])",incorrect,invented_hypothesis,"'f is differentiable at a and b' does not imply 'f is continuous at a and b', which is required by Rolle's Theorem. Additionally, 'f is differentiable at a and b' is an unnecessary hypothesis.",,"{""label"":""incorrect"",""validation_type"":""invented_hypothesis"",""reason"":""'f is differentiable at a and b' does not imply 'f is continuous at a and b', which is required by Rolle's Theorem. Additionally, 'f is differentiable at a and b' is an unnecessary hypothesis.""}"
T09,Change of Variable in Integrals,"['φ is of class C¹ on [α, β]']","['φ is of class C¹ on [α, β]', 'f is continuous on φ([α, β])']",incorrect,missing_hypothesis,"missing: f is continuous on φ([α, β])",incorrect,invented_hypothesis,"The proposed hypothesis 'φ is of class C¹ on [α, β]' is stronger but does not replace any weaker required hypothesis for the change of variable theorem, which typically requires only continuity and differentiability where necessary.",,"{""label"":""incorrect"",""validation_type"":""invented_hypothesis"",""reason"":""The proposed hypothesis 'φ is of class C¹ on [α, β]' is stronger but does not replace any weaker required hypothesis for the change of variable theorem, which typically requires only continuity and differentiability where necessary.""}"
T12,Incomplete Basis Theorem,"['E is a finite-dimensional vector space of dimension n', 'F = (f₁, ..., fₖ) is a linearly independent family in E with k ≤ n']","['E is a finite-dimensional vector space of dimension n', 'F = (f₁, ..., fₖ) is a linearly independent family in E with k ≤ n']",correct,exact_match,hypotheses match exactly.,incorrect,missing_hypothesis,The required hypothesis 'F is a basis for E' is missing.,,"{""label"":""incorrect"",""validation_type"":""missing_hypothesis"",""reason"":""The required hypothesis 'F is a basis for E' is missing.""}"
T20,Monotone Convergence Theorem (sequences),"['(uₙ) is an increasing sequence', '(uₙ) is a decreasing and bounded above sequence']","['(uₙ) is an increasing sequence', '(uₙ) is bounded above']",correct,stronger_hypothesis,stronger_hypothesis: (uₙ) is a decreasing and bounded above sequence implies (uₙ) is bounded above,incorrect,invented_hypothesis,"The first hypothesis states (uₙ) is an increasing sequence, while the second states (uₙ) is a decreasing and bounded above sequence. These two conditions cannot coexist for the same sequence, thus neither hypothesis alone satisfies the theorem's requirement for an increasing sequence that converges.",,"{
  ""label"": ""incorrect"",
  ""validation_type"": ""invented_hypothesis"",
  ""reason"": ""The first hypothesis states (uₙ) is an increasing sequence, while the second states (uₙ) is a decreasing and bounded above sequence. These two conditions cannot coexist for the same sequence, thus neither hypothesis alone satisfies the theorem's requirement for an increasing sequence that converges.""
}"
T10,d'Alembert's Criterion (series),"['uₙ > 0 for all n sufficiently large', 'lim_{n→∞} u_{n+1}/uₙ = ℓ exists']","['uₙ > 0 for all n sufficiently large', 'lim_{n→∞} u_{n+1}/uₙ = ℓ exists']",correct,exact_match,hypotheses match exactly.,correct,valid_implication,Both proposed hypotheses match the required conditions of d'Alembert's criterion.,,"{
  ""label"": ""correct"",
  ""validation_type"": ""valid_implication"",
  ""reason"": ""Both proposed hypotheses match the required conditions of d'Alembert's criterion.""
}"
T05,L'Hôpital's Rule,['f and g are differentiable in a neighborhood of a'],"['f and g are differentiable in a neighborhood of a', ""g'(x) ≠ 0 in a neighborhood of a"", 'f(a) = g(a) = 0 or f and g tend to ±∞', ""lim_{x→a} f'(x)/g'(x) = ℓ exists""]",incorrect,multiple_missing,missing: g'(x) ≠ 0 in a neighborhood of a; missing: f(a) = g(a) = 0 or f and g tend to ±∞; missing: lim_{x→a} f'(x)/g'(x) = ℓ exists,correct,valid_implication,"Differentiability implies continuity, thus 'differentiable in a neighborhood of a' can replace 'continuous in a neighborhood of a'.",,"{""label"":""correct"",""validation_type"":""valid_implication"",""reason"":""Differentiability implies continuity, thus 'differentiable in a neighborhood of a' can replace 'continuous in a neighborhood of a'.""}"
T03,Intermediate Value Theorem,"['f is continuous on ]a, b[', 'y is between f(a) and f(b)']","['f is continuous on [a, b]', 'y is between f(a) and f(b)']",incorrect,invented_hypothesis,"invented_hypothesis: f is continuous on ]a, b[ (instead of f is continuous on [a, b])",incorrect,invented_hypothesis,"The proposed hypotheses include 'f is continuous on ]a, b[' which is a weaker condition than the required 'f is continuous on [a, b]' and 'y is between f(a) and f(b)' is correct but not stronger.",,"{""label"":""incorrect"",""validation_type"":""invented_hypothesis"",""reason"":""The proposed hypotheses include 'f is continuous on ]a, b[' which is a weaker condition than the required 'f is continuous on [a, b]' and 'y is between f(a) and f(b)' is correct but not stronger.""}"
T11,Rank Theorem,['f is a linear map from E to F'],"['f is a linear map from E to F', 'E is a finite-dimensional vector space of dimension n']",incorrect,missing_hypothesis,missing: E is a finite-dimensional vector space of dimension n,incorrect,invented_hypothesis,The proposed hypothesis 'f is a linear map from E to F' does not cover the rank theorem's requirement for f to be a surjective linear map. It is an additional condition that is not implied by the required hypotheses.,,"{""label"":""incorrect"",""validation_type"":""invented_hypothesis"",""reason"":""The proposed hypothesis 'f is a linear map from E to F' does not cover the rank theorem's requirement for f to be a surjective linear map. It is an additional condition that is not implied by the required hypotheses.""}"
T27,Weak Law of Large Numbers,['E[|X₁|] is finite'],"['(Xₙ) is a sequence of independent random variables', 'the Xₙ are identically distributed', 'E[|X₁|] is finite']",incorrect,multiple_missing,missing: the Xₙ are identically distributed; missing: (Xₙ) is a sequence of independent random variables,incorrect,missing_hypothesis,"Required hypotheses include 'X₁ are i.i.d.' and 'E[X₁] exists', neither of which are provided.",,"{""label"":""incorrect"",""validation_type"":""missing_hypothesis"",""reason"":""Required hypotheses include 'X₁ are i.i.d.' and 'E[X₁] exists', neither of which are provided.""}"
T12,Incomplete Basis Theorem,"['E is a finite-dimensional vector space of dimension n', 'F is a basis of E']","['E is a finite-dimensional vector space of dimension n', 'F = (f₁, ..., fₖ) is a linearly independent family in E with k ≤ n']",correct,stronger_hypothesis,"stronger_hypothesis: F is a basis of E implies F = (f₁, ..., fₖ) is a linearly independent family in E with k ≤ n",correct,exact_match,Both hypotheses are exactly matching the required ones.,,"{""label"":""correct"",""validation_type"":""correct"",""reason"":""Both hypotheses are exactly matching the required ones.""}"
T29,Jordan Normal Form (existence),"['A is an n×n complex square matrix', 'A is a real square matrix']",['A is an n×n complex square matrix'],incorrect,invented_hypothesis,invented_hypothesis: A is a real square matrix,incorrect,invented_hypothesis,A is a real square matrix does not imply A is an n×n complex square matrix.,,"{""label"":""incorrect"",""validation_type"":""invented_hypothesis"",""reason"":""A is a real square matrix does not imply A is an n×n complex square matrix.""}"
T29,Jordan Normal Form (existence),['the characteristic polynomial of A splits over ℝ'],['A is an n×n complex square matrix'],incorrect,invented_hypothesis,invented_hypothesis: the characteristic polynomial of A splits over ℝ (instead of A is an n×n complex square matrix),incorrect,invented_hypothesis,"The proposed hypothesis 'the characteristic polynomial of A splits over ℝ' does not imply the required hypothesis for the existence of Jordan normal form, which typically requires the matrix to be similar to a Jordan matrix over some field.",,"{""label"":""incorrect"",""validation_type"":""invented_hypothesis"",""reason"":""The proposed hypothesis 'the characteristic polynomial of A splits over ℝ' does not imply the required hypothesis for the existence of Jordan normal form, which typically requires the matrix to be similar to a Jordan matrix over some field.""}"
T26,Central Limit Theorem,"['(Xₙ) is a sequence of independent random variables', 'the Xₙ are identically distributed', 'E[X₁] = μ is finite', 'Var(X₁) = σ² is finite and strictly positive', 'σ² > 0 without mentioning that σ² is finite']","['(Xₙ) is a sequence of independent random variables', 'the Xₙ are identically distributed', 'E[X₁] = μ is finite', 'Var(X₁) = σ² is finite and strictly positive']",incorrect,invented_hypothesis,invented_hypothesis: σ² > 0 without mentioning that σ² is finite,correct,valid_implication,σ² > 0 implies σ² is finite and strictly positive.,,"{
  ""label"": ""correct"",
  ""validation_type"": ""valid_implication"",
  ""reason"": ""σ² > 0 implies σ² is finite and strictly positive.""
}"
T28,Jensen's Inequality,"['φ is a convex function', 'X is an integrable real random variable', 'φ is a concave function']","['φ is a convex function', 'X is an integrable real random variable']",incorrect,invented_hypothesis,invented_hypothesis: φ is a concave function,incorrect,invented_hypothesis,"The proposed hypotheses include both 'φ is a convex function' and 'φ is a concave function', which contradict each other and neither implies the other.",,"{
  ""label"": ""incorrect"",
  ""validation_type"": ""invented_hypothesis"",
  ""reason"": ""The proposed hypotheses include both 'φ is a convex function' and 'φ is a concave function', which contradict each other and neither implies the other.""
}"
T01,Rolle's Theorem,"['f is continuous on [a, b]', 'f(a) = f(b)']","['f is continuous on [a, b]', 'f is differentiable on ]a, b[', 'f(a) = f(b)']",incorrect,missing_hypothesis,"missing: f is differentiable on ]a, b[",correct,exact_match,Both required hypotheses are satisfied exactly.,,"{""label"":""correct"",""validation_type"":""correct"",""reason"":""Both required hypotheses are satisfied exactly.""}"
T25,Superposition Principle (linear ODEs),['L is a linear differential operator'],"['L is a linear differential operator', 'y₁ is a solution of L(y) = f₁', 'y₂ is a solution of L(y) = f₂']",incorrect,multiple_missing,missing: y₂ is a solution of L(y) = f₂; missing: y₁ is a solution of L(y) = f₁,correct,exact_match,The proposed hypothesis 'L is a linear differential operator' matches the required hypothesis for the superposition principle.,,"{""label"":""correct"",""validation_type"":""correct"",""reason"":""The proposed hypothesis 'L is a linear differential operator' matches the required hypothesis for the superposition principle.""}"
T04,Weierstrass Theorem,"['f is of class C¹ on I', '[a, b] is a closed and bounded interval']","['f is continuous on [a, b]', '[a, b] is a closed and bounded interval']",correct,stronger_hypothesis,"stronger_hypothesis: f is of class C¹ on I implies f is continuous on [a, b]",incorrect,invented_hypothesis,"'f is of class C¹ on I' is a stronger hypothesis that implies 'f is continuous on I', but 'I' should be '[a, b]' which is not provided. Additionally, 'f is of class C¹ on I' introduces an unnecessary condition.",,"{""label"":""incorrect"",""validation_type"":""invented_hypothesis"",""reason"":""'f is of class C¹ on I' is a stronger hypothesis that implies 'f is continuous on I', but 'I' should be '[a, b]' which is not provided. Additionally, 'f is of class C¹ on I' introduces an unnecessary condition.""}"
T24,Cauchy-Lipschitz Theorem,['f is Lipschitz in y'],"['f is continuous in t', 'f is Lipschitz in y', 'an initial condition y(t₀) = y₀ is given']",incorrect,multiple_missing,missing: an initial condition y(t₀) = y₀ is given; missing: f is continuous in t,correct,valid_implication,f is Lipschitz in y implies continuity and local existence conditions of the Cauchy-Lipschitz theorem,,"{""label"":""correct"",""validation_type"":""valid_implication"",""reason"":""f is Lipschitz in y implies continuity and local existence conditions of the Cauchy-Lipschitz theorem""}"
T02,Mean Value Theorem (Lagrange),"['f is differentiable on [a, b]', 'f is differentiable on ]a, b[']","['f is continuous on [a, b]', 'f is differentiable on ]a, b[']",incorrect,invented_hypothesis,"invented_hypothesis: f is differentiable on [a, b] (instead of f is continuous on [a, b])",correct,valid_implication,The second hypothesis is implied by the first since differentiability on the open interval implies differentiability on the closed interval.,,"{
  ""label"": ""correct"",
  ""validation_type"": ""valid_implication"",
  ""reason"": ""The second hypothesis is implied by the first since differentiability on the open interval implies differentiability on the closed interval.""
}"
T24,Cauchy-Lipschitz Theorem,['f is continuous in t'],"['f is continuous in t', 'f is Lipschitz in y', 'an initial condition y(t₀) = y₀ is given']",incorrect,multiple_missing,missing: an initial condition y(t₀) = y₀ is given; missing: f is Lipschitz in y,incorrect,invented_hypothesis,The proposed hypothesis 'f is continuous in t' does not imply the required hypothesis which typically includes continuity and Lipschitz conditions.,,"{""label"":""incorrect"",""validation_type"":""invented_hypothesis"",""reason"":""The proposed hypothesis 'f is continuous in t' does not imply the required hypothesis which typically includes continuity and Lipschitz conditions.""}"
T14,Cayley-Hamilton Theorem,"['A is an n×n square matrix', 'χ_A is the characteristic polynomial of A', 'A is a symmetric matrix']","['A is an n×n square matrix', 'χ_A is the characteristic polynomial of A']",incorrect,invented_hypothesis,invented_hypothesis: A is a symmetric matrix,incorrect,invented_hypothesis,"The theorem requires A to be an n×n matrix with a characteristic polynomial χ_A, but the proposed hypotheses include that A is symmetric, which is not a necessary condition for the Cayley-Hamilton theorem.",,"{""label"":""incorrect"",""validation_type"":""invented_hypothesis"",""reason"":""The theorem requires A to be an n×n matrix with a characteristic polynomial χ_A, but the proposed hypotheses include that A is symmetric, which is not a necessary condition for the Cayley-Hamilton theorem.""}"
T17,Orthogonal Projection Theorem (Hilbert),"['E is a Hilbert space', 'F is a closed subspace of E', 'F is finite-dimensional']","['E is a Hilbert space', 'F is a closed subspace of E']",incorrect,invented_hypothesis,invented_hypothesis: F is finite-dimensional,incorrect,invented_hypothesis,"The proposed hypotheses include 'F is finite-dimensional', which is not required by the orthogonal projection theorem in Hilbert spaces. Additionally, while 'F is a closed subspace of E' is required, 'F is finite-dimensional' does not imply the general requirement for subspaces in the theorem.",,"{""label"":""incorrect"",""validation_type"":""invented_hypothesis"",""reason"":""The proposed hypotheses include 'F is finite-dimensional', which is not required by the orthogonal projection theorem in Hilbert spaces. Additionally, while 'F is a closed subspace of E' is required, 'F is finite-dimensional' does not imply the general requirement for subspaces in the theorem.""}"
T27,Weak Law of Large Numbers,"['(Xₙ) is a sequence of independent random variables', 'the Xₙ are identically distributed']","['(Xₙ) is a sequence of independent random variables', 'the Xₙ are identically distributed', 'E[|X₁|] is finite']",incorrect,missing_hypothesis,missing: E[|X₁|] is finite,incorrect,missing_hypothesis,The proposed hypotheses do not include the required 'finite variance' condition.,,"{""label"":""incorrect"",""validation_type"":""missing_hypothesis"",""reason"":""The proposed hypotheses do not include the required 'finite variance' condition.""}"
T15,Spectral Theorem (real symmetric matrices),"['A is a real square matrix', 'A is symmetric (A = Aᵀ)', 'A is orthogonal']","['A is a real square matrix', 'A is symmetric (A = Aᵀ)']",incorrect,invented_hypothesis,invented_hypothesis: A is orthogonal,incorrect,invented_hypothesis,The proposed hypothesis 'A is orthogonal' does not imply that A is a real symmetric matrix.,,"{
  ""label"": ""incorrect"",
  ""validation_type"": ""invented_hypothesis"",
  ""reason"": ""The proposed hypothesis 'A is orthogonal' does not imply that A is a real symmetric matrix.""
}"
T13,Diagonalizability (distinct eigenvalues),['f has n distinct eigenvalues'],"['f is an endomorphism of E (finite dimension n)', 'f has n distinct eigenvalues']",incorrect,missing_hypothesis,missing: f is an endomorphism of E (finite dimension n),correct,exact_match,The proposed hypothesis matches the required hypothesis exactly.,,"{""label"":""correct"",""validation_type"":""correct"",""reason"":""The proposed hypothesis matches the required hypothesis exactly.""}"
T25,Superposition Principle (linear ODEs),"['L is a linear differential operator', 'y₁ is a solution of L(y) = f₁', 'y₂ is a solution of L(y) = f₂', 'y₁ and y₂ are solutions of L(y) = 0']","['L is a linear differential operator', 'y₁ is a solution of L(y) = f₁', 'y₂ is a solution of L(y) = f₂']",incorrect,invented_hypothesis,invented_hypothesis: y₁ and y₂ are solutions of L(y) = 0,correct,valid_implication,All proposed hypotheses either directly match the required ones or are strictly stronger implications.,,"{
  ""label"": ""correct"",
  ""validation_type"": ""valid_implication"",
  ""reason"": ""All proposed hypotheses either directly match the required ones or are strictly stronger implications.""
}"
T18,Heine's Theorem (uniform continuity),"['f is of class C¹ on I', '[a, b] is a closed and bounded interval']","['f is continuous on [a, b]', '[a, b] is a closed and bounded interval']",correct,stronger_hypothesis,"stronger_hypothesis: f is of class C¹ on I implies f is continuous on [a, b]",incorrect,invented_hypothesis,"f being of class C¹ implies uniform continuity only on compact sets, but the proposed hypotheses do not ensure compactness.",,"{
  ""label"": ""incorrect"",
  ""validation_type"": ""invented_hypothesis"",
  ""reason"": ""f being of class C¹ implies uniform continuity only on compact sets, but the proposed hypotheses do not ensure compactness.""
}"
T16,Cauchy-Schwarz Inequality,['E is a vector space with an inner product'],"['E is a vector space with an inner product', 'u and v are two vectors in E']",incorrect,missing_hypothesis,missing: u and v are two vectors in E,correct,exact_match,The proposed hypothesis matches the required hypothesis exactly.,,"{""label"":""correct"",""validation_type"":""correct"",""reason"":""The proposed hypothesis matches the required hypothesis exactly.""}"
T08,Integration by Parts,"['u and v are of class C¹ on [a, b]', ""u' and v are continuous on [a, b]""]","['u and v are of class C¹ on [a, b]']",incorrect,invented_hypothesis,"invented_hypothesis: u' and v are continuous on [a, b]",correct,valid_implication,"u and v being of class C¹ implies they are continuously differentiable and thus their derivatives are continuous, satisfying the continuity requirement.",,"{
  ""label"": ""correct"",
  ""validation_type"": ""valid_implication"",
  ""reason"": ""u and v being of class C¹ implies they are continuously differentiable and thus their derivatives are continuous, satisfying the continuity requirement.""
}"
T18,Heine's Theorem (uniform continuity),"['f is continuous on ]a, b[', '[a, b] is a closed and bounded interval']","['f is continuous on [a, b]', '[a, b] is a closed and bounded interval']",incorrect,invented_hypothesis,"invented_hypothesis: f is continuous on ]a, b[ (instead of f is continuous on [a, b])",incorrect,invented_hypothesis,"The proposed hypotheses include 'f is continuous on ]a, b[' which does not cover the endpoints of the interval, and '[a, b] is a closed and bounded interval' which is not a hypothesis about the function but rather about the domain. Neither hypothesis implies the original requirement of uniform continuity on [a, b].",,"{
  ""label"": ""incorrect"",
  ""validation_type"": ""invented_hypothesis"",
  ""reason"": ""The proposed hypotheses include 'f is continuous on ]a, b[' which does not cover the endpoints of the interval, and '[a, b] is a closed and bounded interval' which is not a hypothesis about the function but rather about the domain. Neither hypothesis implies the original requirement of uniform continuity on [a, b].""
}"
T13,Diagonalizability (distinct eigenvalues),"['f is an endomorphism of E (finite dimension n)', 'the characteristic polynomial is split']","['f is an endomorphism of E (finite dimension n)', 'f has n distinct eigenvalues']",incorrect,invented_hypothesis,invented_hypothesis: the characteristic polynomial is split (instead of f has n distinct eigenvalues),incorrect,missing_hypothesis,The hypothesis 'the characteristic polynomial is split' is not sufficient for diagonalizability when the field is not algebraically closed.,,"{""label"":""incorrect"",""validation_type"":""missing_hypothesis"",""reason"":""The hypothesis 'the characteristic polynomial is split' is not sufficient for diagonalizability when the field is not algebraically closed.""}"
T25,Superposition Principle (linear ODEs),"['L is a linear differential operator', 'y₁ is a solution of L(y) = f₁', 'y₂ is a solution of L(y) = f₂']","['L is a linear differential operator', 'y₁ is a solution of L(y) = f₁', 'y₂ is a solution of L(y) = f₂']",correct,exact_match,hypotheses match exactly.,correct,exact_match,All required hypotheses are satisfied exactly.,,"{""label"":""correct"",""validation_type"":""correct"",""reason"":""All required hypotheses are satisfied exactly.""}"
